date,home_team,away_team,home_score,away_score,city,country,neutral,target
1930,5,75,0.0,3.0,83,16,1,2
1930,26,42,4.0,1.0,83,16,1,1
1930,8,78,1.0,2.0,83,16,1,2
1930,52,56,1.0,3.0,83,16,1,2
1930,2,25,1.0,0.0,83,16,1,1
1930,12,42,3.0,0.0,83,16,1,1
1930,6,78,0.0,4.0,83,16,1,2
1930,51,75,0.0,3.0,83,16,1,2
1930,76,52,1.0,0.0,83,16,0,1
1930,2,42,6.0,3.0,83,16,1,1
1930,12,25,1.0,0.0,83,16,1,1
1930,5,51,0.0,1.0,83,16,1,2
1930,6,8,0.0,4.0,83,16,1,2
1930,76,56,4.0,0.0,83,16,0,1
1930,2,12,3.0,1.0,83,16,1,1
1930,2,75,6.0,1.0,83,16,1,1
1930,76,78,6.0,1.0,83,16,0,1
1930,76,2,4.0,2.0,83,16,0,1
1934,2,67,2.0,3.0,12,6,1,2
1934,4,25,3.0,2.0,144,6,1,1
1934,5,27,2.0,5.0,36,6,1,2
1934,8,66,1.0,3.0,43,6,1,2
1934,19,56,2.0,1.0,143,6,1,1
1934,23,32,2.0,4.0,89,6,1,2
1934,38,75,7.0,1.0,116,6,0,1
1934,44,68,2.0,3.0,81,6,1,2
1934,4,32,2.0,1.0,12,6,1,1
1934,19,68,3.0,2.0,144,6,1,1
1934,28,67,2.0,1.0,81,6,1,1
1934,38,66,1.0,1.0,36,6,0,0
1934,38,66,1.0,0.0,36,6,0,1
1934,19,27,3.0,1.0,116,6,1,1
1934,38,4,1.0,0.0,81,6,0,1
1934,4,27,2.0,3.0,89,6,1,2
1934,38,18,2.0,1.0,116,6,0,1
1938,28,68,1.0,1.0,102,4,1,0
1938,8,53,6.0,5.0,136,4,1,1
1938,17,56,3.0,3.0,142,4,1,0
1938,19,44,3.0,0.0,63,4,1,1
1938,26,5,3.0,1.0,22,4,0,1
1938,33,34,6.0,0.0,113,4,1,1
1938,38,49,2.0,1.0,77,4,1,1
1938,17,56,2.0,1.0,142,4,1,1
1938,28,68,2.0,4.0,102,4,1,2
1938,8,18,1.0,1.0,13,4,1,0
1938,17,67,0.0,8.0,1,4,1,2
1938,26,37,1.0,3.0,22,4,0,2
1938,33,68,2.0,0.0,67,4,1,1
1938,8,18,2.0,1.0,13,4,1,1
1938,8,37,1.0,2.0,77,4,1,2
1938,33,67,5.0,1.0,102,4,1,1
1938,8,67,4.0,2.0,13,4,1,1
1938,33,37,2.0,4.0,22,4,1,2
1950,8,42,4.0,0.0,115,1,0,1
1950,12,24,0.0,2.0,115,1,1,2
1950,38,67,2.0,3.0,140,1,1,2
1950,66,75,3.0,1.0,24,1,1,1
1950,68,78,0.0,3.0,6,1,1,2
1950,8,68,2.0,2.0,140,1,0,0
1950,42,78,1.0,4.0,107,1,1,2
1950,12,66,0.0,2.0,115,1,1,2
1950,25,75,0.0,1.0,6,1,1,2
1950,51,67,2.0,2.0,24,1,1,0
1950,8,78,2.0,0.0,115,1,0,1
1950,6,76,0.0,8.0,6,1,1,2
1950,12,75,5.0,2.0,112,1,1,1
1950,25,66,0.0,1.0,115,1,1,2
1950,38,51,2.0,0.0,140,1,1,1
1950,42,68,1.0,2.0,107,1,1,2
1950,8,67,7.0,1.0,115,1,0,1
1950,66,76,2.0,2.0,140,1,1,0
1950,8,66,6.0,1.0,115,1,0,1
1950,67,76,2.0,3.0,140,1,1,2
1950,8,76,1.0,2.0,115,1,0,2
1950,66,67,1.0,3.0,140,1,1,2
1954,4,59,1.0,0.0,158,14,1,1
1954,8,42,5.0,0.0,42,14,1,1
1954,19,76,0.0,2.0,8,14,1,2
1954,26,78,0.0,1.0,62,14,1,2
1954,5,24,4.0,4.0,5,14,1,0
1954,28,72,4.0,1.0,8,14,1,1
1954,33,65,9.0,0.0,158,14,1,1
1954,68,37,2.0,1.0,62,14,0,1
1954,4,18,5.0,0.0,158,14,1,1
1954,8,78,1.0,1.0,62,14,1,0
1954,26,42,3.0,2.0,42,14,1,1
1954,59,76,0.0,7.0,5,14,1,2
1954,5,37,1.0,4.0,70,14,1,2
1954,28,32,3.0,8.0,5,14,1,2
1954,65,72,0.0,7.0,42,14,1,2
1954,68,24,0.0,2.0,8,14,0,2
1954,28,72,7.0,2.0,158,14,1,1
1954,68,37,4.0,1.0,5,14,0,1
1954,25,76,2.0,4.0,5,14,1,2
1954,68,4,5.0,7.0,62,14,0,2
1954,8,32,2.0,4.0,8,14,1,2
1954,28,78,2.0,0.0,42,14,1,1
1954,4,27,1.0,6.0,5,14,1,2
1954,33,76,4.0,2.0,62,14,1,1
1954,4,76,3.0,1.0,158,14,1,1
1954,28,32,3.0,2.0,8,14,1,1
1958,2,27,1.0,3.0,73,13,1,2
1958,4,8,0.0,3.0,145,13,1,2
1958,19,48,0.0,1.0,48,13,1,2
1958,25,57,2.0,2.0,45,13,1,0
1958,26,51,7.0,3.0,95,13,1,1
1958,33,77,1.0,1.0,126,13,1,0
1958,59,78,1.0,1.0,154,13,1,0
1958,67,42,3.0,0.0,135,13,0,1
1958,2,48,3.0,1.0,48,13,1,1
1958,4,57,0.0,2.0,14,13,1,2
1958,8,24,0.0,0.0,45,13,1,0
1958,19,27,2.0,2.0,51,13,1,0
1958,26,78,2.0,3.0,154,13,1,2
1958,42,77,1.0,1.0,135,13,1,0
1958,51,59,3.0,2.0,95,13,1,1
1958,67,32,2.0,1.0,135,13,0,1
1958,2,18,1.0,6.0,51,13,1,2
1958,4,24,2.0,2.0,14,13,1,0
1958,8,57,2.0,0.0,45,13,1,1
1958,26,59,2.0,1.0,159,13,1,1
1958,28,48,2.0,2.0,73,13,1,0
1958,33,42,4.0,0.0,126,13,1,1
1958,51,78,3.0,3.0,35,13,1,0
1958,67,77,0.0,0.0,135,13,0,0
1958,19,48,1.0,2.0,73,13,1,2
1958,25,57,0.0,1.0,45,13,1,2
1958,33,77,1.0,2.0,135,13,1,2
1958,8,77,1.0,0.0,45,13,1,1
1958,26,48,4.0,0.0,95,13,1,1
1958,28,78,1.0,0.0,73,13,1,1
1958,67,57,2.0,0.0,135,13,0,1
1958,8,25,5.0,2.0,135,13,1,1
1958,67,27,3.0,1.0,45,13,0,1
1958,26,27,6.0,3.0,45,13,1,1
1958,67,8,2.0,5.0,135,13,0,2
1962,2,9,1.0,0.0,111,2,1,1
1962,8,42,2.0,0.0,152,2,1,1
1962,12,68,3.0,1.0,127,2,0,1
1962,14,76,1.0,2.0,2,2,1,2
1962,19,66,1.0,0.0,152,2,1,1
1962,25,32,1.0,2.0,111,2,1,2
1962,28,37,0.0,0.0,127,2,1,0
1962,57,78,2.0,0.0,2,2,1,1
1962,2,24,1.0,3.0,111,2,1,2
1962,8,18,0.0,0.0,152,2,1,0
1962,12,37,2.0,0.0,127,2,0,1
1962,76,78,1.0,3.0,2,2,1,2
1962,9,32,1.0,6.0,111,2,1,2
1962,14,57,4.0,4.0,2,2,1,0
1962,28,68,2.0,1.0,127,2,1,1
1962,42,66,0.0,1.0,152,2,1,2
1962,2,32,0.0,0.0,111,2,1,0
1962,8,66,2.0,1.0,152,2,1,1
1962,12,27,0.0,2.0,127,2,0,2
1962,57,76,2.0,1.0,2,2,1,1
1962,9,24,0.0,0.0,111,2,1,0
1962,14,78,0.0,5.0,2,2,1,2
1962,19,42,1.0,3.0,152,2,1,2
1962,38,68,3.0,0.0,127,2,1,1
1962,8,24,3.0,1.0,152,2,1,1
1962,12,57,2.0,1.0,2,2,0,1
1962,19,32,1.0,0.0,111,2,1,1
1962,28,78,0.0,1.0,127,2,1,2
1962,12,8,2.0,4.0,127,2,0,2
1962,19,78,3.0,1.0,152,2,1,1
1962,12,78,1.0,0.0,127,2,0,1
1962,8,18,3.0,1.0,127,2,1,1
1966,25,76,0.0,0.0,69,3,0,0
1966,8,9,2.0,0.0,68,3,1,1
1966,28,68,5.0,0.0,133,3,1,1
1966,47,57,0.0,3.0,80,3,1,2
1966,2,66,2.0,1.0,10,3,1,1
1966,12,37,0.0,2.0,138,3,1,2
1966,26,42,1.0,1.0,69,3,1,0
1966,33,54,1.0,3.0,75,3,1,2
1966,8,32,1.0,3.0,68,3,1,2
1966,12,47,1.0,1.0,80,3,1,0
1966,26,76,1.0,2.0,69,3,1,2
1966,66,68,2.0,1.0,133,3,1,1
1966,2,27,0.0,0.0,10,3,1,0
1966,9,54,0.0,3.0,75,3,1,2
1966,25,42,2.0,0.0,69,3,0,1
1966,38,57,0.0,1.0,138,3,1,2
1966,2,68,2.0,0.0,133,3,1,1
1966,8,54,1.0,3.0,68,3,1,2
1966,38,47,0.0,1.0,80,3,1,2
1966,42,76,0.0,0.0,69,3,1,0
1966,9,32,1.0,3.0,75,3,1,2
1966,12,57,1.0,2.0,138,3,1,2
1966,25,25,2.0,0.0,69,3,0,1
1966,28,66,2.0,1.0,10,3,1,1
1966,25,2,1.0,0.0,69,3,0,1
1966,28,76,4.0,0.0,133,3,1,1
1966,33,57,1.0,2.0,138,3,1,2
1966,47,54,3.0,5.0,68,3,1,2
1966,28,57,2.0,1.0,68,3,1,1
1966,25,54,2.0,1.0,69,3,0,1
1966,54,57,2.0,1.0,69,3,1,1
1966,25,27,4.0,2.0,69,3,0,1
1970,42,57,0.0,0.0,79,8,0,0
1970,9,52,2.0,3.0,66,8,1,2
1970,25,56,1.0,0.0,46,8,1,1
1970,37,76,0.0,2.0,109,8,1,2
1970,5,23,3.0,0.0,79,8,1,1
1970,8,18,4.0,1.0,46,8,1,1
1970,28,43,2.0,1.0,66,8,1,1
1970,38,67,1.0,0.0,141,8,1,1
1970,5,57,1.0,4.0,79,8,1,2
1970,19,56,1.0,2.0,46,8,1,2
1970,38,76,0.0,0.0,109,8,1,0
1970,43,52,0.0,3.0,66,8,1,2
1970,8,24,1.0,0.0,46,8,1,1
1970,9,27,2.0,5.0,66,8,1,2
1970,37,67,1.0,1.0,141,8,1,0
1970,42,23,4.0,0.0,79,8,0,1
1970,8,56,3.0,2.0,46,8,1,1
1970,24,57,0.0,2.0,79,8,1,2
1970,28,52,3.0,1.0,66,8,1,1
1970,67,76,1.0,0.0,109,8,1,1
1970,9,43,1.0,1.0,66,8,1,0
1970,19,24,0.0,1.0,46,8,1,2
1970,37,37,0.0,0.0,141,8,1,0
1970,42,5,1.0,0.0,79,8,0,1
1970,8,52,4.0,2.0,46,8,1,1
1970,25,27,2.0,3.0,66,8,1,2
1970,42,37,1.0,4.0,141,8,0,2
1970,57,76,0.0,1.0,79,8,1,2
1970,8,76,3.0,1.0,46,8,1,1
1970,28,37,3.0,4.0,79,8,1,2
1970,28,76,1.0,0.0,79,8,1,1
1970,8,37,4.0,1.0,79,8,1,1
1974,8,78,0.0,0.0,39,5,1,0
1974,20,59,0.0,2.0,29,5,1,2
1974,27,3,2.0,0.0,49,5,1,1
1974,28,12,1.0,0.0,7,5,0,1
1974,38,30,3.0,1.0,86,5,1,1
1974,53,2,3.0,2.0,137,5,1,1
1974,67,9,0.0,0.0,31,5,1,0
1974,76,44,0.0,2.0,50,5,1,2
1974,12,26,1.0,1.0,7,5,1,0
1974,28,3,3.0,0.0,49,5,0,1
1974,59,8,0.0,0.0,39,5,1,0
1974,77,19,9.0,0.0,41,5,1,1
1974,2,37,1.0,1.0,137,5,1,0
1974,9,76,1.0,1.0,50,5,1,0
1974,31,53,0.0,7.0,86,5,1,2
1974,44,67,0.0,0.0,29,5,1,0
1974,3,12,0.0,0.0,7,5,1,0
1974,20,8,0.0,3.0,41,5,1,2
1974,28,26,0.0,1.0,49,5,0,2
1974,59,78,1.0,1.0,39,5,1,0
1974,2,30,4.0,1.0,86,5,1,1
1974,9,44,1.0,4.0,29,5,1,2
1974,53,37,2.0,1.0,137,5,1,1
1974,67,76,3.0,0.0,31,5,1,1
1974,8,26,1.0,0.0,50,5,1,1
1974,28,78,2.0,0.0,31,5,0,1
1974,44,2,4.0,0.0,41,5,1,1
1974,67,53,0.0,1.0,137,5,1,2
1974,2,8,1.0,2.0,50,5,1,2
1974,27,44,0.0,2.0,41,5,1,2
1974,28,67,4.0,2.0,31,5,0,1
1974,53,78,2.0,1.0,39,5,1,1
1974,2,26,1.0,1.0,41,5,1,0
1974,28,53,1.0,0.0,39,5,0,1
1974,44,8,2.0,0.0,29,5,1,1
1974,67,78,2.0,1.0,31,5,1,1
1974,8,53,0.0,1.0,86,5,1,2
1974,28,44,2.0,1.0,86,5,0,1
1978,28,53,0.0,0.0,16,0,1,0
1978,2,32,2.0,1.0,16,0,0,1
1978,26,37,1.0,2.0,76,0,1,2
1978,42,71,1.0,3.0,117,0,1,2
1978,4,66,2.0,1.0,16,0,1,1
1978,8,67,1.0,1.0,76,0,1,0
1978,35,44,0.0,3.0,78,0,1,2
1978,52,59,3.0,1.0,25,0,1,1
1978,2,25,2.0,1.0,16,0,0,1
1978,28,42,6.0,0.0,25,0,1,1
1978,33,37,1.0,3.0,76,0,1,2
1978,53,71,1.0,0.0,117,0,1,1
1978,4,67,1.0,0.0,16,0,1,1
1978,8,66,0.0,0.0,76,0,1,0
1978,35,59,1.0,1.0,25,0,1,0
1978,44,52,0.0,0.0,78,0,1,0
1978,2,37,0.0,1.0,16,0,0,2
1978,26,32,3.0,1.0,76,0,1,1
1978,28,71,0.0,0.0,25,0,1,0
1978,42,53,1.0,3.0,117,0,1,2
1978,4,8,0.0,1.0,76,0,1,2
1978,35,52,1.0,4.0,25,0,1,2
1978,44,59,2.0,3.0,78,0,1,2
1978,66,67,1.0,0.0,16,0,1,1
1978,2,53,2.0,0.0,117,0,0,1
1978,4,44,1.0,5.0,25,0,1,2
1978,8,52,3.0,0.0,78,0,1,1
1978,28,37,0.0,0.0,16,0,1,0
1978,2,8,0.0,0.0,117,0,0,0
1978,4,37,0.0,1.0,16,0,1,2
1978,28,44,2.0,2.0,25,0,1,0
1978,52,53,0.0,1.0,78,0,1,2
1978,2,52,6.0,0.0,117,0,0,1
1978,4,27,3.0,2.0,25,0,1,1
1978,8,53,3.0,1.0,78,0,1,1
1978,38,44,1.0,2.0,16,0,1,2
1978,8,37,2.0,1.0,16,0,1,1
1978,2,44,3.0,1.0,16,0,0,1
1982,2,5,0.0,1.0,3,12,1,2
1982,8,57,2.0,1.0,132,12,1,1
1982,38,53,0.0,0.0,151,12,1,0
1982,33,23,10.0,1.0,34,12,1,1
1982,52,10,0.0,0.0,61,12,1,0
1982,59,45,5.0,2.0,87,12,1,1
1982,25,25,3.0,1.0,9,12,1,1
1982,28,0,1.0,2.0,44,12,1,2
1982,66,31,1.0,1.0,148,12,0,0
1982,12,4,0.0,1.0,99,12,1,2
1982,19,41,1.0,1.0,149,12,1,0
1982,77,48,0.0,0.0,157,12,1,0
1982,2,32,4.0,1.0,0,12,1,1
1982,8,59,4.0,1.0,132,12,1,1
1982,38,52,1.0,1.0,151,12,1,0
1982,5,23,1.0,0.0,34,12,1,1
1982,53,10,0.0,0.0,61,12,1,0
1982,57,45,3.0,0.0,87,12,1,1
1982,25,18,2.0,0.0,9,12,1,1
1982,28,12,4.0,1.0,44,12,1,1
1982,66,78,2.0,1.0,148,12,0,1
1982,0,4,0.0,2.0,99,12,1,2
1982,26,41,4.0,1.0,149,12,1,1
1982,32,48,1.0,1.0,157,12,1,0
1982,5,32,1.0,1.0,34,12,1,0
1982,53,52,5.0,1.0,61,12,1,1
1982,57,59,2.0,2.0,87,12,1,0
1982,2,23,2.0,0.0,0,12,1,1
1982,8,45,4.0,0.0,132,12,1,1
1982,38,10,1.0,1.0,151,12,1,0
1982,0,12,3.0,2.0,99,12,1,1
1982,26,18,1.0,1.0,149,12,1,0
1982,32,78,0.0,1.0,157,12,1,2
1982,25,41,1.0,0.0,9,12,1,1
1982,28,4,1.0,0.0,44,12,1,1
1982,66,48,0.0,1.0,148,12,0,2
1982,4,25,0.0,1.0,72,12,1,2
1982,53,5,3.0,0.0,3,12,1,1
1982,28,24,0.0,0.0,72,12,1,0
1982,38,2,2.0,1.0,3,12,1,1
1982,4,48,2.0,2.0,72,12,1,0
1982,5,57,0.0,1.0,3,12,1,2
1982,2,8,1.0,3.0,3,12,1,2
1982,66,27,1.0,2.0,72,12,0,2
1982,26,48,4.0,1.0,72,12,1,1
1982,53,57,0.0,0.0,3,12,1,0
1982,38,8,3.0,2.0,3,12,1,1
1982,66,24,0.0,0.0,72,12,0,0
1982,28,25,3.0,3.0,132,12,1,0
1982,53,37,0.0,2.0,3,12,1,2
1982,53,25,3.0,2.0,0,12,1,1
1982,38,27,3.0,1.0,72,12,1,1
1986,9,37,1.0,1.0,79,8,1,0
1986,11,25,0.0,1.0,66,8,1,2
1986,66,8,0.0,1.0,46,8,1,2
1986,2,65,3.0,1.0,79,8,1,1
1986,43,53,0.0,0.0,82,8,1,0
1986,57,32,6.0,0.0,53,8,1,1
1986,0,48,1.0,1.0,46,8,1,0
1986,42,5,2.0,1.0,79,8,0,1
1986,54,24,1.0,0.0,82,8,1,1
1986,51,36,1.0,0.0,141,8,1,1
1986,59,20,0.0,1.0,92,8,1,2
1986,76,27,1.0,1.0,110,8,1,0
1986,26,57,1.0,1.0,66,8,1,0
1986,38,2,1.0,1.0,109,8,1,0
1986,65,9,1.0,1.0,79,8,1,0
1986,8,0,1.0,0.0,46,8,1,1
1986,25,43,0.0,0.0,82,8,1,0
1986,33,11,2.0,0.0,53,8,1,1
1986,42,51,1.0,1.0,79,8,0,0
1986,48,66,1.0,2.0,46,8,1,2
1986,53,54,1.0,0.0,82,8,1,1
1986,21,76,6.0,1.0,92,8,1,1
1986,28,59,2.0,1.0,110,8,1,1
1986,36,5,1.0,2.0,141,8,1,2
1986,33,25,0.0,3.0,66,8,1,2
1986,57,11,2.0,0.0,53,8,1,1
1986,2,9,2.0,0.0,79,8,1,1
1986,65,37,2.0,3.0,109,8,1,2
1986,25,53,3.0,0.0,82,8,1,1
1986,42,36,1.0,0.0,79,8,0,1
1986,51,5,2.0,2.0,141,8,1,0
1986,54,43,1.0,3.0,46,8,1,2
1986,0,66,0.0,3.0,82,8,1,2
1986,48,8,0.0,3.0,46,8,1,2
1986,21,27,2.0,0.0,110,8,1,1
1986,59,76,0.0,0.0,92,8,1,0
1986,42,9,2.0,0.0,79,8,0,1
1986,57,5,3.0,4.0,66,8,1,2
1986,2,76,1.0,0.0,109,8,1,1
1986,8,53,4.0,0.0,46,8,1,1
1986,38,25,0.0,2.0,79,8,1,2
1986,43,27,0.0,1.0,82,8,1,2
1986,21,66,1.0,5.0,110,8,1,2
1986,25,51,3.0,0.0,79,8,1,1
1986,8,25,1.0,1.0,46,8,1,0
1986,42,27,0.0,0.0,82,8,0,0
1986,2,24,2.0,1.0,79,8,1,1
1986,66,5,1.0,1.0,109,8,1,0
1986,2,5,2.0,0.0,79,8,1,1
1986,26,27,0.0,2.0,46,8,1,2
1986,26,5,4.0,2.0,109,8,1,1
1986,2,27,3.0,2.0,79,8,1,1
1990,2,10,0.0,1.0,81,6,1,2
1990,38,4,1.0,0.0,116,6,0,1
1990,57,56,0.0,2.0,4,6,1,2
1990,74,14,0.0,2.0,12,6,1,2
1990,8,67,2.0,1.0,144,6,1,1
1990,28,78,4.0,1.0,81,6,1,1
1990,75,18,1.0,5.0,36,6,1,2
1990,15,59,1.0,0.0,43,6,1,1
1990,25,55,1.0,1.0,18,6,1,0
1990,5,65,2.0,0.0,150,6,1,1
1990,44,22,1.0,1.0,100,6,1,0
1990,2,57,2.0,0.0,89,6,1,1
1990,76,66,0.0,0.0,146,6,1,0
1990,10,56,2.0,1.0,4,6,1,1
1990,38,75,1.0,0.0,116,6,0,1
1990,77,14,1.0,0.0,12,6,1,1
1990,4,18,0.0,1.0,36,6,1,2
1990,28,74,5.0,1.0,81,6,1,1
1990,8,15,1.0,0.0,144,6,1,1
1990,25,44,0.0,0.0,18,6,1,0
1990,67,59,1.0,2.0,43,6,1,2
1990,5,76,3.0,1.0,150,6,1,1
1990,55,22,0.0,0.0,100,6,1,0
1990,65,66,1.0,3.0,146,6,1,2
1990,2,56,1.0,1.0,89,6,1,0
1990,10,57,0.0,4.0,4,6,1,2
1990,4,75,2.0,1.0,36,6,1,1
1990,28,14,1.0,1.0,81,6,1,0
1990,38,18,2.0,0.0,116,6,0,1
1990,77,74,4.0,1.0,12,6,1,1
1990,8,59,1.0,0.0,144,6,1,1
1990,67,15,1.0,2.0,43,6,1,2
1990,5,66,1.0,2.0,150,6,1,2
1990,25,22,1.0,0.0,18,6,1,1
1990,55,44,1.0,1.0,100,6,1,0
1990,65,76,0.0,1.0,146,6,1,2
1990,10,14,2.0,1.0,89,6,1,1
1990,19,15,4.0,1.0,4,6,1,1
1990,8,2,0.0,1.0,144,6,1,2
1990,28,44,2.0,1.0,81,6,1,1
1990,55,56,0.0,0.0,43,6,1,0
1990,38,76,2.0,0.0,116,6,0,1
1990,25,5,1.0,0.0,12,6,1,1
1990,66,78,1.0,2.0,150,6,1,2
1990,38,55,1.0,0.0,116,6,0,1
1990,77,2,0.0,0.0,36,6,1,0
1990,10,24,2.0,3.0,89,6,1,2
1990,28,18,1.0,0.0,81,6,1,1
1990,38,2,1.0,1.0,89,6,0,0
1990,28,24,1.0,1.0,144,6,1,0
1990,38,24,2.0,1.0,4,6,0,1
1990,28,2,1.0,0.0,116,6,1,1
1994,28,6,1.0,0.0,20,15,1,1
1994,66,65,2.0,2.0,28,15,1,0
1994,14,56,1.0,3.0,103,15,1,2
1994,38,55,0.0,1.0,32,15,1,2
1994,75,68,1.0,1.0,105,15,0,0
1994,5,43,1.0,0.0,97,15,1,1
1994,10,67,2.0,2.0,103,15,1,0
1994,49,42,1.0,0.0,155,15,1,1
1994,8,57,2.0,0.0,101,15,1,1
1994,44,58,2.0,1.0,155,15,1,1
1994,2,29,4.0,0.0,38,15,1,1
1994,28,66,1.0,1.0,20,15,1,0
1994,46,9,3.0,0.0,28,15,1,1
1994,56,68,1.0,4.0,105,15,1,2
1994,75,14,2.0,1.0,103,15,0,1
1994,38,49,1.0,0.0,32,15,1,1
1994,65,6,0.0,0.0,38,15,1,0
1994,8,10,3.0,0.0,101,15,1,1
1994,42,55,2.0,1.0,97,15,1,1
1994,67,57,3.0,1.0,105,15,1,1
1994,2,46,2.0,1.0,38,15,1,1
1994,5,44,1.0,0.0,97,15,1,1
1994,58,43,2.0,1.0,32,15,1,1
1994,9,29,4.0,0.0,20,15,1,1
1994,68,14,0.0,2.0,101,15,1,2
1994,75,56,0.0,1.0,103,15,0,2
1994,6,66,1.0,3.0,20,15,1,2
1994,28,65,3.0,2.0,28,15,1,1
1994,8,67,1.0,1.0,105,15,1,0
1994,55,49,0.0,0.0,32,15,1,0
1994,38,42,1.0,1.0,155,15,1,0
1994,57,10,6.0,1.0,101,15,1,1
1994,5,58,0.0,1.0,155,15,1,2
1994,43,44,1.0,2.0,97,15,1,2
1994,2,9,0.0,2.0,28,15,1,2
1994,30,46,0.0,2.0,38,15,1,2
1994,28,5,3.0,2.0,20,15,1,1
1994,66,68,3.0,0.0,155,15,1,1
1994,56,2,3.0,2.0,103,15,1,1
1994,58,67,1.0,3.0,28,15,1,2
1994,44,55,2.0,0.0,97,15,1,1
1994,75,8,0.0,1.0,101,15,0,2
1994,42,9,1.0,1.0,32,15,1,0
1994,46,37,1.0,2.0,38,15,1,2
1994,38,66,2.0,1.0,38,15,1,1
1994,44,8,2.0,3.0,28,15,1,2
1994,9,27,2.0,1.0,32,15,1,1
1994,56,67,2.0,2.0,101,15,1,0
1994,9,37,1.0,2.0,32,15,1,2
1994,67,8,0.0,1.0,103,15,1,2
1994,67,9,4.0,0.0,103,15,1,1
1994,8,37,0.0,0.0,103,15,1,0
1998,8,59,2.0,1.0,121,4,1,1
1998,43,49,2.0,2.0,84,4,1,0
1998,10,4,1.0,1.0,142,4,1,0
1998,38,12,2.0,2.0,13,4,1,0
1998,26,64,3.0,0.0,77,4,0,1
1998,51,9,0.0,0.0,84,4,1,0
1998,58,20,0.0,1.0,65,4,1,2
1998,65,42,1.0,3.0,71,4,1,2
1998,44,5,0.0,0.0,121,4,1,0
1998,66,46,2.0,3.0,88,4,1,2
1998,2,40,1.0,0.0,142,4,1,1
1998,40,16,1.0,3.0,65,4,1,2
1998,61,35,1.0,0.0,122,4,1,1
1998,25,71,2.0,0.0,77,4,1,1
1998,28,75,2.0,0.0,102,4,1,1
1998,56,14,1.0,0.0,71,4,1,1
1998,8,43,3.0,0.0,88,4,1,1
1998,59,49,1.0,1.0,13,4,1,0
1998,12,4,1.0,1.0,122,4,1,0
1998,38,10,3.0,0.0,84,4,1,1
1998,26,58,4.0,0.0,121,4,0,1
1998,64,20,1.0,1.0,142,4,1,0
1998,46,9,1.0,0.0,102,4,1,1
1998,66,51,0.0,0.0,122,4,1,0
1998,5,42,2.0,2.0,13,4,1,0
1998,41,16,0.0,1.0,88,4,1,2
1998,44,65,5.0,0.0,77,4,1,1
1998,2,39,5.0,0.0,102,4,1,1
1998,28,61,2.0,2.0,65,4,1,0
1998,75,35,1.0,2.0,71,4,1,2
1998,14,71,1.0,0.0,84,4,1,1
1998,56,24,2.0,1.0,142,4,1,1
1998,8,49,1.0,2.0,77,4,1,2
1998,12,10,1.0,1.0,88,4,1,0
1998,38,4,2.0,1.0,121,4,1,1
1998,59,43,0.0,3.0,122,4,1,2
1998,26,20,2.0,1.0,71,4,0,1
1998,46,51,1.0,3.0,142,4,1,2
1998,64,58,2.0,2.0,13,4,1,0
1998,66,9,6.0,1.0,65,4,1,1
1998,5,65,1.0,1.0,102,4,1,0
1998,28,35,2.0,0.0,84,4,1,1
1998,44,42,2.0,2.0,122,4,1,0
1998,75,61,0.0,1.0,88,4,1,2
1998,2,16,1.0,0.0,13,4,1,1
1998,14,24,0.0,2.0,65,4,1,2
1998,41,39,1.0,2.0,71,4,1,2
1998,56,71,1.0,1.0,121,4,1,0
1998,8,12,4.0,1.0,102,4,1,1
1998,38,49,1.0,0.0,77,4,1,1
1998,26,51,1.0,0.0,65,4,0,1
1998,46,20,1.0,4.0,121,4,1,2
1998,28,42,2.0,1.0,84,4,1,1
1998,44,61,2.0,1.0,142,4,1,1
1998,2,24,2.0,2.0,122,4,1,0
1998,56,16,0.0,1.0,13,4,1,2
1998,8,20,3.0,2.0,88,4,1,1
1998,26,37,0.0,0.0,121,4,0,0
1998,28,16,0.0,3.0,71,4,1,2
1998,44,2,2.0,1.0,77,4,1,1
1998,8,44,1.0,1.0,77,4,1,0
1998,26,16,2.0,1.0,121,4,0,1
1998,44,16,1.0,2.0,102,4,1,2
1998,26,8,3.0,0.0,121,4,0,1
2002,26,60,0.0,1.0,131,11,1,2
2002,28,58,8.0,0.0,128,7,1,1
2002,55,10,1.0,1.0,93,7,1,0
2002,76,20,1.0,2.0,147,11,1,2
2002,2,46,1.0,0.0,58,7,1,1
2002,25,67,1.0,1.0,123,7,1,0
2002,51,64,2.0,2.0,17,11,1,0
2002,66,63,3.0,1.0,47,11,1,1
2002,8,72,2.0,1.0,147,11,1,1
2002,16,42,0.0,1.0,93,7,1,2
2002,38,21,2.0,0.0,128,7,1,1
2002,13,15,0.0,2.0,47,11,1,2
2002,41,5,2.0,2.0,123,7,0,0
2002,65,53,2.0,0.0,17,11,0,1
2002,28,55,1.0,1.0,58,7,1,0
2002,57,71,2.0,0.0,60,7,1,1
2002,75,54,3.0,2.0,139,11,1,1
2002,10,58,1.0,0.0,123,7,1,1
2002,21,60,1.0,1.0,26,11,1,0
2002,26,76,0.0,0.0,17,11,1,0
2002,2,24,0.0,1.0,128,7,1,2
2002,66,51,3.0,1.0,54,11,1,1
2002,67,46,2.0,1.0,60,7,1,1
2002,8,13,4.0,0.0,130,11,1,1
2002,38,16,1.0,2.0,58,7,1,2
2002,64,63,1.0,0.0,26,11,1,1
2002,15,72,1.0,1.0,52,11,1,0
2002,41,57,1.0,0.0,156,7,0,1
2002,42,21,2.0,1.0,114,7,1,1
2002,65,75,1.0,1.0,26,11,0,0
2002,54,53,4.0,0.0,54,11,1,1
2002,71,5,1.0,1.0,160,7,1,0
2002,10,27,0.0,2.0,40,7,1,2
2002,21,25,2.0,0.0,52,11,1,1
2002,58,55,0.0,3.0,156,7,1,2
2002,60,76,3.0,3.0,139,11,1,0
2002,46,24,0.0,0.0,98,7,1,0
2002,63,51,1.0,3.0,130,11,1,2
2002,64,66,2.0,3.0,27,11,1,2
2002,67,2,1.0,1.0,114,7,1,0
2002,15,8,2.0,5.0,139,11,1,2
2002,22,16,1.0,0.0,156,7,1,1
2002,42,37,1.0,1.0,160,7,1,0
2002,72,13,3.0,0.0,131,11,1,1
2002,5,57,3.0,2.0,40,7,1,1
2002,41,71,2.0,0.0,98,7,0,1
2002,65,54,1.0,0.0,52,11,0,1
2002,53,75,3.0,1.0,27,11,1,1
2002,21,24,0.0,3.0,93,7,1,2
2002,28,51,1.0,0.0,130,11,1,1
2002,66,55,1.0,1.0,139,11,1,0
2002,67,60,1.0,2.0,160,7,1,2
2002,8,5,2.0,0.0,60,7,1,1
2002,42,75,0.0,2.0,54,11,1,2
2002,41,72,0.0,1.0,114,7,0,2
2002,65,37,2.0,1.0,27,11,0,1
2002,25,8,1.0,2.0,40,7,1,2
2002,28,75,1.0,0.0,147,11,1,1
2002,65,66,0.0,0.0,47,11,0,0
2002,60,72,0.0,1.0,98,7,1,2
2002,65,27,0.0,1.0,131,11,0,2
2002,8,72,1.0,0.0,123,7,1,1
2002,65,72,2.0,3.0,26,11,0,2
2002,28,8,0.0,2.0,156,7,1,2
2006,28,15,4.0,2.0,86,5,0,1
2006,53,21,0.0,2.0,41,5,1,2
2006,2,38,2.0,1.0,49,5,1,1
2006,25,51,1.0,0.0,39,5,1,1
2006,70,67,0.0,0.0,29,5,1,0
2006,1,54,0.0,1.0,21,5,1,2
2006,42,35,3.0,1.0,96,5,1,1
2006,61,44,0.0,1.0,64,5,1,2
2006,3,40,3.0,1.0,56,5,1,1
2006,38,28,2.0,0.0,50,5,1,1
2006,75,17,0.0,3.0,41,5,1,2
2006,8,16,1.0,0.0,7,5,1,1
2006,26,68,0.0,0.0,137,5,1,0
2006,65,69,2.0,1.0,39,5,1,1
2006,28,53,1.0,0.0,29,5,0,1
2006,66,73,4.0,0.0,64,5,1,1
2006,71,58,2.0,2.0,86,5,1,0
2006,22,15,3.0,0.0,49,5,1,1
2006,25,70,2.0,0.0,96,5,1,1
2006,67,51,1.0,0.0,7,5,1,1
2006,2,61,6.0,0.0,41,5,1,1
2006,42,1,0.0,0.0,50,5,1,0
2006,44,38,2.0,1.0,137,5,1,1
2006,18,28,0.0,2.0,21,5,1,2
2006,38,75,1.0,1.0,56,5,1,0
2006,54,35,2.0,0.0,39,5,1,1
2006,8,3,2.0,0.0,86,5,1,1
2006,26,65,1.0,1.0,64,5,1,0
2006,41,16,0.0,0.0,96,5,1,0
2006,58,73,0.0,4.0,49,5,1,2
2006,66,71,3.0,1.0,137,5,1,1
2006,69,68,0.0,2.0,29,5,1,2
2006,15,53,1.0,2.0,50,5,1,2
2006,28,21,3.0,0.0,7,5,0,1
2006,51,70,2.0,0.0,56,5,1,1
2006,67,24,2.0,2.0,21,5,1,0
2006,35,1,1.0,1.0,64,5,1,0
2006,39,61,3.0,2.0,86,5,1,1
2006,44,2,0.0,0.0,39,5,1,0
2006,54,42,2.0,1.0,41,5,1,1
2006,16,3,2.0,2.0,137,5,1,0
2006,18,37,0.0,2.0,49,5,1,2
2006,29,75,2.0,1.0,96,5,1,1
2006,41,8,1.0,4.0,29,5,1,2
2006,58,66,0.0,1.0,56,5,1,2
2006,68,65,2.0,0.0,50,5,1,1
2006,69,25,0.0,2.0,21,5,1,2
2006,73,71,1.0,0.0,7,5,1,1
2006,2,42,2.0,1.0,64,5,1,1
2006,28,67,2.0,0.0,86,5,0,1
2006,25,21,1.0,0.0,137,5,1,1
2006,54,44,1.0,0.0,96,5,1,1
2006,38,3,1.0,0.0,56,5,1,1
2006,68,73,0.0,0.0,21,5,1,0
2006,8,28,3.0,0.0,29,5,1,1
2006,66,25,1.0,3.0,50,5,1,2
2006,28,2,1.0,1.0,7,5,0,0
2006,38,73,3.0,0.0,49,5,1,1
2006,8,25,0.0,1.0,39,5,1,2
2006,25,54,0.0,0.0,41,5,1,0
2006,28,37,0.0,2.0,29,5,0,2
2006,54,25,0.0,1.0,86,5,1,2
2006,28,54,3.0,1.0,137,5,0,1
2006,38,25,1.0,1.0,7,5,1,0
2010,64,42,1.0,1.0,55,10,0,0
2010,76,25,0.0,0.0,19,10,1,0
2010,2,46,1.0,0.0,55,10,1,1
2010,25,75,1.0,1.0,119,10,1,0
2010,65,29,2.0,0.0,106,10,1,1
2010,0,63,0.0,1.0,104,10,1,2
2010,28,3,4.0,0.0,30,10,1,1
2010,61,28,0.0,1.0,108,10,1,2
2010,38,51,1.0,1.0,19,10,1,0
2010,41,10,1.0,0.0,11,10,1,1
2010,44,20,2.0,0.0,55,10,1,1
2010,8,47,2.0,1.0,55,10,1,1
2010,39,54,0.0,0.0,106,10,1,0
2010,45,62,1.0,1.0,119,10,1,0
2010,32,12,0.0,1.0,91,10,1,2
2010,64,76,0.0,3.0,108,10,0,2
2010,66,68,0.0,1.0,30,10,1,2
2010,2,65,4.0,1.0,55,10,1,1
2010,26,42,0.0,2.0,104,10,1,2
2010,30,46,2.0,1.0,11,10,1,1
2010,25,0,0.0,0.0,19,10,1,0
2010,28,61,0.0,1.0,106,10,1,2
2010,63,75,2.0,2.0,55,10,1,0
2010,10,20,1.0,2.0,108,10,1,2
2010,29,3,1.0,1.0,119,10,1,0
2010,44,40,1.0,0.0,30,10,1,1
2010,8,38,3.0,1.0,55,10,1,1
2010,38,45,1.0,1.0,91,10,1,0
2010,62,51,0.0,2.0,11,10,1,2
2010,12,68,1.0,0.0,106,10,1,1
2010,54,47,7.0,0.0,19,10,1,1
2010,66,31,2.0,0.0,55,10,1,1
2010,30,2,0.0,2.0,104,10,1,2
2010,42,76,0.0,1.0,119,10,1,2
2010,46,65,2.0,2.0,30,10,1,0
2010,64,25,2.0,1.0,11,10,0,1
2010,3,61,2.0,1.0,91,10,1,1
2010,29,27,0.0,1.0,55,10,1,2
2010,63,24,0.0,1.0,106,10,1,2
2010,75,0,1.0,0.0,108,10,1,1
2010,10,44,1.0,2.0,19,10,1,2
2010,21,40,1.0,3.0,119,10,1,2
2010,51,45,0.0,0.0,104,10,1,0
2010,62,37,3.0,2.0,55,10,1,1
2010,12,66,1.0,2.0,108,10,1,2
2010,47,38,0.0,3.0,91,10,1,2
2010,54,8,0.0,0.0,30,10,1,0
2010,68,31,0.0,0.0,11,10,1,0
2010,76,65,2.0,1.0,106,10,1,1
2010,75,28,1.0,2.0,119,10,1,2
2010,2,42,3.0,1.0,55,10,1,1
2010,28,24,4.0,1.0,11,10,1,1
2010,8,12,3.0,0.0,55,10,1,1
2010,44,62,2.0,1.0,30,10,1,1
2010,51,40,0.0,0.0,108,10,1,0
2010,66,54,1.0,0.0,19,10,1,1
2010,44,8,2.0,1.0,106,10,1,1
2010,76,28,1.0,1.0,55,10,1,0
2010,2,27,0.0,4.0,19,10,1,2
2010,51,66,0.0,1.0,55,10,1,2
2010,76,44,2.0,3.0,19,10,1,2
2010,28,66,0.0,1.0,30,10,1,2
2010,76,27,2.0,3.0,106,10,1,2
2010,44,66,0.0,1.0,55,10,1,2
2014,8,16,3.0,1.0,140,1,0,1
2014,12,3,3.0,1.0,23,1,1,1
2014,42,10,1.0,0.0,90,1,1,1
2014,66,44,1.0,5.0,124,1,1,2
2014,14,29,3.0,0.0,6,1,1,1
2014,25,37,1.0,2.0,74,1,1,2
2014,39,40,2.0,1.0,112,1,1,1
2014,76,15,1.0,3.0,37,1,1,2
2014,2,7,2.0,1.0,115,1,1,1
2014,26,31,3.0,0.0,107,1,1,1
2014,68,21,2.0,1.0,15,1,1,1
2014,28,54,4.0,0.0,124,1,1,1
2014,29,75,1.0,2.0,90,1,1,2
2014,35,46,0.0,0.0,24,1,1,0
2014,5,0,2.0,1.0,6,1,1,1
2014,8,42,0.0,0.0,37,1,0,0
2014,57,65,1.0,1.0,23,1,1,0
2014,3,44,2.0,3.0,24,1,1,2
2014,10,16,0.0,4.0,74,1,1,2
2014,66,12,0.0,2.0,115,1,1,2
2014,14,38,2.0,1.0,15,1,1,1
2014,41,29,0.0,0.0,90,1,1,0
2014,76,24,2.0,1.0,140,1,1,1
2014,32,21,1.0,2.0,24,1,1,2
2014,38,15,0.0,1.0,112,1,1,2
2014,68,25,2.0,5.0,124,1,1,2
2014,2,35,1.0,0.0,6,1,1,1
2014,28,28,2.0,2.0,37,1,1,0
2014,46,7,1.0,0.0,23,1,1,1
2014,5,57,1.0,0.0,115,1,1,1
2014,65,0,2.0,4.0,107,1,1,2
2014,75,54,2.0,2.0,74,1,1,0
2014,3,66,0.0,3.0,24,1,1,2
2014,8,10,4.0,1.0,15,1,0,1
2014,16,42,1.0,3.0,112,1,1,2
2014,44,12,2.0,0.0,140,1,1,1
2014,15,24,0.0,0.0,6,1,1,0
2014,30,38,2.0,1.0,37,1,1,1
2014,38,76,0.0,1.0,90,1,1,2
2014,41,14,1.0,4.0,23,1,1,2
2014,7,35,3.0,1.0,124,1,1,1
2014,22,25,0.0,0.0,115,1,1,0
2014,32,68,0.0,3.0,74,1,1,2
2014,46,2,2.0,3.0,107,1,1,2
2014,0,57,1.0,1.0,24,1,1,0
2014,65,5,0.0,1.0,140,1,1,2
2014,54,28,2.0,1.0,15,1,1,1
2014,75,27,0.0,1.0,112,1,1,2
2014,8,12,1.0,1.0,6,1,0,0
2014,14,76,2.0,0.0,115,1,1,1
2014,15,29,1.0,1.0,112,1,1,0
2014,44,42,2.0,1.0,37,1,1,1
2014,26,46,2.0,0.0,15,1,1,1
2014,28,0,2.0,1.0,107,1,1,1
2014,2,68,1.0,0.0,140,1,1,1
2014,5,75,2.0,1.0,124,1,1,1
2014,8,14,2.0,1.0,37,1,0,1
2014,26,27,0.0,1.0,115,1,1,2
2014,2,5,1.0,0.0,15,1,1,1
2014,44,15,0.0,0.0,124,1,1,0
2014,8,27,1.0,7.0,6,1,0,2
2014,44,2,0.0,0.0,140,1,1,0
2014,8,44,0.0,3.0,15,1,0,2
2014,28,2,1.0,0.0,115,1,1,1
2018,57,58,5.0,0.0,85,9,0,1
2018,23,76,0.0,1.0,33,9,1,2
2018,43,35,0.0,1.0,120,9,1,2
2018,54,66,3.0,3.0,134,9,1,0
2018,26,3,2.0,1.0,59,9,1,1
2018,2,33,1.0,1.0,85,9,1,0
2018,52,20,0.0,1.0,129,9,1,2
2018,16,46,2.0,0.0,57,9,1,1
2018,15,61,0.0,1.0,125,9,1,2
2018,28,42,0.0,1.0,85,9,1,2
2018,8,68,1.0,1.0,118,9,1,0
2018,67,65,1.0,0.0,94,9,1,1
2018,5,50,3.0,0.0,134,9,1,1
2018,71,24,1.0,2.0,153,9,1,2
2018,14,40,1.0,2.0,129,9,1,2
2018,53,60,1.0,2.0,85,9,1,2
2018,57,22,3.0,1.0,120,9,0,1
2018,54,43,1.0,0.0,85,9,1,1
2018,76,58,1.0,0.0,118,9,1,1
2018,35,66,0.0,1.0,59,9,1,2
2018,21,3,1.0,1.0,125,9,1,0
2018,26,52,1.0,0.0,33,9,1,1
2018,2,16,0.0,3.0,94,9,1,2
2018,8,15,2.0,0.0,120,9,1,1
2018,46,33,2.0,0.0,153,9,1,1
2018,61,68,1.0,2.0,57,9,1,2
2018,5,71,5.0,2.0,85,9,1,1
2018,65,42,1.0,2.0,118,9,1,2
2018,28,67,2.0,1.0,134,9,1,1
2018,25,50,6.0,1.0,94,9,1,1
2018,41,60,2.0,2.0,33,9,1,0
2018,53,14,0.0,3.0,59,9,1,2
2018,57,76,0.0,3.0,125,9,0,2
2018,58,22,2.0,1.0,153,9,1,1
2018,66,43,2.0,2.0,57,9,1,0
2018,35,54,1.0,1.0,129,9,1,0
2018,3,52,0.0,2.0,134,9,1,2
2018,21,25,0.0,0.0,85,9,1,0
2018,46,2,1.0,2.0,120,9,1,2
2018,34,16,1.0,2.0,118,9,1,2
2018,65,27,2.0,0.0,59,9,1,1
2018,42,67,0.0,3.0,33,9,1,2
2018,61,8,0.0,2.0,85,9,1,2
2018,68,15,2.0,2.0,94,9,1,0
2018,41,53,0.0,1.0,153,9,1,2
2018,60,14,0.0,1.0,125,9,1,2
2018,50,71,1.0,2.0,129,9,1,2
2018,25,5,0.0,1.0,57,9,1,2
2018,26,2,4.0,3.0,59,9,1,1
2018,76,54,2.0,1.0,134,9,1,1
2018,57,66,1.0,1.0,85,9,0,0
2018,16,20,1.0,1.0,94,9,1,0
2018,8,42,2.0,0.0,125,9,1,1
2018,5,40,3.0,2.0,118,9,1,1
2018,67,68,1.0,0.0,120,9,1,1
2018,14,24,1.0,1.0,85,9,1,0
2018,76,25,0.0,2.0,94,9,1,2
2018,8,5,1.0,2.0,59,9,1,2
2018,67,24,0.0,2.0,125,9,1,2
2018,57,16,2.0,2.0,134,9,0,0
2018,26,5,1.0,0.0,120,9,1,1
2018,16,24,2.0,1.0,85,9,1,1
2018,5,24,2.0,0.0,120,9,1,1
2018,26,16,4.0,2.0,85,9,1,1
